Spiderman,http://www.imdb.com/title/tt0145487/
Spiderman 3,http://www.imdb.com/title/tt0413300/
Slumdog Millionaire,http://www.imdb.com/title/tt1010048/
Finding Nemo,http://www.imdb.com/title/tt0266543/
Happy Feet,http://www.imdb.com/title/tt0366548/
Man of Steel,http://www.imdb.com/title/tt0770828/
Deadpool,http://www.imdb.com/title/tt1431045/
Zootopia,http://www.imdb.com/title/tt2948356/
Rogue One,http://www.imdb.com/title/tt3748528/
La La Land,http://www.imdb.com/title/tt3783958/
Passengers,http://www.imdb.com/title/tt1355644/
Fences,http://www.imdb.com/title/tt2671706/
The Martian,http://www.imdb.com/title/tt3659388/
Love Actually,http://www.imdb.com/title/tt0314331/
Eat Pray Love,http://www.imdb.com/title/tt0879870/
Peter Pan,http://www.imdb.com/title/tt0316396/
Broken Flowers,http://www.imdb.com/title/tt0412019/
Twister,http://www.imdb.com/title/tt0117998/
Twilight,http://www.imdb.com/title/tt1099212/
Star Wars: Episode VI - Return of the Jedi,http://www.imdb.com/title/tt0086190/
Gone Girl,http://www.imdb.com/title/tt2267998/
The Holiday,http://www.imdb.com/title/tt0457939/
Sherlock Holmes: A Game of Shadows,http://www.imdb.com/title/tt1515091/
The Kite Runner,http://www.imdb.com/title/tt0419887/
Moneyball,http://www.imdb.com/title/tt1210166/
Sweet Home Alabama,http://www.imdb.com/title/tt0256415/
The Devil Wears Prada,http://www.imdb.com/title/tt0458352/
Miss Congeniality,http://www.imdb.com/title/tt0212346/
Rush Hour,http://www.imdb.com/title/tt0120812/
The Lord of the Rings: The Return of the King,http://www.imdb.com/title/tt0167260/
You've Got Mail,http://www.imdb.com/title/tt0128853/
Confessions of a Shopaholic,http://www.imdb.com/title/tt1093908/
Pirates of the Caribbean: At World's End,http://www.imdb.com/title/tt0449088/
Jurassic World,http://www.imdb.com/title/tt0369610/
The Day After Tomorrow,http://www.imdb.com/title/tt0319262/
March of the Penguins,http://www.imdb.com/title/tt0428803/
Goodfellas,http://www.imdb.com/title/tt0099685/
The Matrix,http://www.imdb.com/title/tt0133093/
Interstellar,http://www.imdb.com/title/tt0816692/