Cycling - Wikipedia.html,https://en.wikipedia.org/wiki/Cycling
Hiking - Wikipedia.html,https://en.wikipedia.org/wiki/Hiking
Running - Wikipedia.html,https://en.wikipedia.org/wiki/Running
Skipping rope - Wikipedia.html,https://en.wikipedia.org/wiki/Skipping_rope
Human swimming - Wikipedia.html,https://en.wikipedia.org/wiki/Human_swimming
Power walking - Wikipedia.html,https://en.wikipedia.org/wiki/Power_walking
Bodybuilding - Wikipedia.html,https://en.wikipedia.org/wiki/Bodybuilding
Eccentric training - Wikipedia.html,https://en.wikipedia.org/wiki/Eccentric_training
Functional training - Wikipedia.html,https://en.wikipedia.org/wiki/Functional_training
Sprint (running) - Wikipedia.html,https://en.wikipedia.org/wiki/Sprint_(running)
Weight training - Wikipedia.html,https://en.wikipedia.org/wiki/Weight_training
Leg extension - Wikipedia.html,https://en.wikipedia.org/wiki/Leg_extension
Leg press - Wikipedia.html,https://en.wikipedia.org/wiki/Leg_press
Lunge (exercise) - Wikipedia.html,https://en.wikipedia.org/wiki/Lunge_(exercise)
Squat (exercise) - Wikipedia.html,https://en.wikipedia.org/wiki/Squat_(exercise)
Deadlift - Wikipedia.html,https://en.wikipedia.org/wiki/Deadlift
Good-morning - Wikipedia.html,https://en.wikipedia.org/wiki/Good-morning
Leg curl - Wikipedia.html,https://en.wikipedia.org/wiki/Leg_curl
Hamstring - Wikipedia.html,https://en.wikipedia.org/wiki/Hamstring
Quadriceps femoris muscle - Wikipedia.html,https://en.wikipedia.org/wiki/Quadriceps_femoris_muscle
Anaerobic exercise - Wikipedia.html,https://en.wikipedia.org/wiki/Anaerobic_exercise
Aerobic exercise - Wikipedia.html,https://en.wikipedia.org/wiki/Aerobic_exercise
Walking - Wikipedia.html,https://en.wikipedia.org/wiki/Walking
Calf raises - Wikipedia.html,https://en.wikipedia.org/wiki/Calf_raises
Crunch (exercise) - Wikipedia.html,https://en.wikipedia.org/wiki/Crunch_(exercise)
Dip (exercise) - Wikipedia.html, https://en.wikipedia.org/wiki/Dip_(exercise)
Machine fly - Wikipedia.html,https://en.wikipedia.org/wiki/Machine_fly
Push-up - Wikipedia.html,https://en.wikipedia.org/wiki/Push-up
Bent-over row - Wikipedia.html,https://en.wikipedia.org/wiki/Bent-over_row
Chin-up - Wikipedia.html,https://en.wikipedia.org/wiki/Chin-up
Pulldown exercise - Wikipedia.html,https://en.wikipedia.org/wiki/Pulldown_exercise
Pull-up (exercise) - Wikipedia.html,https://en.wikipedia.org/wiki/Pull-up_(exercise)
Row (weight-lifting) - Wikipedia.html,https://en.wikipedia.org/wiki/Row_(weight-lifting)
Shoulder shrug - Wikipedia.html,https://en.wikipedia.org/wiki/Shoulder_shrug
Supine row - Wikipedia.html,https://en.wikipedia.org/wiki/Supine_row
Ballistic stretching - Wikipedia.html,https://en.wikipedia.org/wiki/Ballistic_stretching
Dynamic stretching - Wikipedia.html,https://en.wikipedia.org/wiki/Dynamic_stretching
PNF stretching - Wikipedia.html,https://en.wikipedia.org/wiki/PNF_stretching
Static stretching - Wikipedia.html,https://en.wikipedia.org/wiki/Static_stretching
Altitude training - Wikipedia.html,https://en.wikipedia.org/wiki/Altitude_training
Boxing training - Wikipedia.html,https://en.wikipedia.org/wiki/Boxing_training
Circuit training - Wikipedia.html,https://en.wikipedia.org/wiki/Circuit_training
Complex training - Wikipedia.html,https://en.wikipedia.org/wiki/Complex_training
Cross-training - Wikipedia.html,https://en.wikipedia.org/wiki/Cross-training
High intensity training - Wikipedia.html,https://en.wikipedia.org/wiki/High_intensity_training
Physical therapy - Wikipedia.html,https://en.wikipedia.org/wiki/Physical_therapy
Pilates - Wikipedia.html,https://en.wikipedia.org/wiki/Pilates
Yoga - Wikipedia.html,https://en.wikipedia.org/wiki/Yoga
Interval training - Wikipedia.html,https://en.wikipedia.org/wiki/Interval_training
Grip strength - Wikipedia.html,https://en.wikipedia.org/wiki/Grip_strength#Training_methods
